{"cameraMode":{"drawMode":0,"name":"Shaded","section":"Shading Mode"},"sceneLighting":false,"audioPlay":false,"sceneViewState":{"m_AlwaysRefresh":false,"showFog":true,"showSkybox":false,"showFlares":true,"showImageEffects":true,"showParticleSystems":true,"showVisualEffectGraphs":true,"m_FxEnabled":true},"in2DMode":false,"pivot":{"x":0.001958131790161133,"y":0.15256144106388093,"z":-0.00040721893310546875},"rotation":{"x":-0.15962499380111695,"y":0.16471420228481294,"z":-0.02702273055911064,"w":-0.9729795455932617},"size":1.8765203952789307,"orthographic":false}