{"cameraMode":{"drawMode":0,"name":"Shaded","section":"Shading Mode"},"sceneLighting":false,"audioPlay":false,"sceneViewState":{"m_AlwaysRefresh":false,"showFog":true,"showSkybox":false,"showFlares":true,"showImageEffects":true,"showParticleSystems":true,"showVisualEffectGraphs":true,"m_FxEnabled":true},"in2DMode":false,"pivot":{"x":-0.0039997100830078129,"y":28.883996963500978,"z":19.476505279541017},"rotation":{"x":-0.14166471362113954,"y":0.6693693995475769,"z":-0.13221541047096253,"w":-0.7172271013259888},"size":99.78678131103516,"orthographic":false}